QUERY,DOC_ID
How to deposit a cheque issued to an associate in my business into my business account?,54406:6307
Can I send a money order from USPS as a business?,31476
1 EIN doing business under multiple business names,8530
Applying for and receiving business credit,27630:33822
401k Transfer After Business Closure,57599
What are the ins/outs of writing equipment purchases off as business expenses in a home based business?,26354:31680:32118
Can a entrepreneur hire a self-employed business owner?,54992
Intentions of Deductible Amount for Small Business,1824
How can I deposit a check made out to my business into my personal account?,39709:56704:25930:23989:48971:6230
Filing personal with 1099s versus business s-corp?,3064
