target_queries,source_queries
USHL completes expansion draft,SLUH completes expansion draft
USHL completes expansion draft,LSHU completes expansion draft
USHL completes expansion draft,LHUS completes expansion draft
USHL completes expansion draft,HSUL completes expansion draft
USHL completes expansion draft,USHL otslepemc expansion draft
Bud Selig to speak at St. Norbert College,Bud gleSi ot speak at St. Norbert College
Bud Selig to speak at St. Norbert College,Bud eSigl ot speak at St. Norbert College
Bud Selig to speak at St. Norbert College,Bud ilgSe ot speak at St. Norbert College
Bud Selig to speak at St. Norbert College,uBd Sgiel to speak at St. Norbert College
Bud Selig to speak at St. Norbert College,dBu Selig ot speak at St. Norbert College
